{
    "Abyssinian": 0.7346938775510204,
    "Bengal": 0.75,
    "Birman": 0.68,
    "Bombay": 0.7727272727272727,
    "British_Shorthair": 0.68,
    "Egyptian_Mau": 0.8247422680412371,
    "Maine_Coon": 0.71,
    "Persian": 0.58,
    "Ragdoll": 0.59,
    "Russian_Blue": 0.57,
    "Siamese": 0.76,
    "Sphynx": 0.75,
    "american_bulldog": 0.62,
    "american_pit_bull_terrier": 0.18,
    "basset_hound": 0.61,
    "beagle": 0.74,
    "boxer": 0.7171717171717171,
    "chihuahua": 0.34,
    "english_cocker_spaniel": 0.59,
    "english_setter": 0.64,
    "german_shorthaired": 0.87,
    "great_pyrenees": 0.7,
    "havanese": 0.68,
    "japanese_chin": 0.82,
    "keeshond": 0.8080808080808081,
    "leonberger": 0.81,
    "miniature_pinscher": 0.64,
    "newfoundland": 0.64,
    "pomeranian": 0.68,
    "pug": 0.83,
    "saint_bernard": 0.83,
    "samoyed": 0.93,
    "scottish_terrier": 0.7272727272727273,
    "shiba_inu": 0.78,
    "staffordshire_bull_terrier": 0.2696629213483146,
    "wheaten_terrier": 0.57,
    "yorkshire_terrier": 0.74,
    "average": 0.6808394657944944
}