{
    "Abyssinian": 0.7959183673469388,
    "Bengal": 0.69,
    "Birman": 0.73,
    "Bombay": 0.8068181818181818,
    "British_Shorthair": 0.78,
    "Egyptian_Mau": 0.8969072164948454,
    "Maine_Coon": 0.72,
    "Persian": 0.76,
    "Ragdoll": 0.63,
    "Russian_Blue": 0.7,
    "Siamese": 0.78,
    "Sphynx": 0.84,
    "american_bulldog": 0.72,
    "american_pit_bull_terrier": 0.3,
    "basset_hound": 0.69,
    "beagle": 0.78,
    "boxer": 0.7474747474747475,
    "chihuahua": 0.49,
    "english_cocker_spaniel": 0.66,
    "english_setter": 0.76,
    "german_shorthaired": 0.87,
    "great_pyrenees": 0.81,
    "havanese": 0.84,
    "japanese_chin": 0.85,
    "keeshond": 0.8787878787878788,
    "leonberger": 0.84,
    "miniature_pinscher": 0.72,
    "newfoundland": 0.79,
    "pomeranian": 0.76,
    "pug": 0.85,
    "saint_bernard": 0.87,
    "samoyed": 0.96,
    "scottish_terrier": 0.8383838383838383,
    "shiba_inu": 0.88,
    "staffordshire_bull_terrier": 0.4044943820224719,
    "wheaten_terrier": 0.55,
    "yorkshire_terrier": 0.86,
    "average:": 0.753338784409921,
    "Cat": 0.9366018596787827,
    "Dog": 0.9778761061946902
}