{
    "Abyssinian": 0.8469387755102041,
    "Bengal": 0.72,
    "Birman": 0.81,
    "Bombay": 0.875,
    "British_Shorthair": 0.82,
    "Egyptian_Mau": 0.9072164948453608,
    "Maine_Coon": 0.81,
    "Persian": 0.8,
    "Ragdoll": 0.71,
    "Russian_Blue": 0.75,
    "Siamese": 0.82,
    "Sphynx": 0.92,
    "american_bulldog": 0.69,
    "american_pit_bull_terrier": 0.43,
    "basset_hound": 0.79,
    "beagle": 0.83,
    "boxer": 0.8080808080808081,
    "chihuahua": 0.52,
    "english_cocker_spaniel": 0.73,
    "english_setter": 0.72,
    "german_shorthaired": 0.88,
    "great_pyrenees": 0.85,
    "havanese": 0.86,
    "japanese_chin": 0.91,
    "keeshond": 0.9191919191919192,
    "leonberger": 0.86,
    "miniature_pinscher": 0.74,
    "newfoundland": 0.83,
    "pomeranian": 0.84,
    "pug": 0.87,
    "saint_bernard": 0.88,
    "samoyed": 0.96,
    "scottish_terrier": 0.8383838383838383,
    "shiba_inu": 0.9,
    "staffordshire_bull_terrier": 0.4157303370786517,
    "wheaten_terrier": 0.61,
    "yorkshire_terrier": 0.86,
    "average": 0.7934041973289725
}