{
    "Abyssinian": 0.8673469387755102,
    "Bengal": 0.74,
    "Birman": 0.86,
    "Bombay": 0.8977272727272727,
    "British_Shorthair": 0.78,
    "Egyptian_Mau": 0.8865979381443299,
    "Maine_Coon": 0.8,
    "Persian": 0.79,
    "Ragdoll": 0.67,
    "Russian_Blue": 0.73,
    "Siamese": 0.8,
    "Sphynx": 0.85,
    "american_bulldog": 0.81,
    "american_pit_bull_terrier": 0.29,
    "basset_hound": 0.83,
    "beagle": 0.85,
    "boxer": 0.8686868686868687,
    "chihuahua": 0.55,
    "english_cocker_spaniel": 0.8,
    "english_setter": 0.8,
    "german_shorthaired": 0.93,
    "great_pyrenees": 0.87,
    "havanese": 0.88,
    "japanese_chin": 0.92,
    "keeshond": 0.9494949494949495,
    "leonberger": 0.92,
    "miniature_pinscher": 0.76,
    "newfoundland": 0.95,
    "pomeranian": 0.78,
    "pug": 0.89,
    "saint_bernard": 0.9,
    "samoyed": 0.94,
    "scottish_terrier": 0.9393939393939394,
    "shiba_inu": 0.9,
    "staffordshire_bull_terrier": 0.4943820224719101,
    "wheaten_terrier": 0.7,
    "yorkshire_terrier": 0.86,
    "average": 0.812755519215045,
    "Cat": 0.9509721048182587,
    "Dog": 0.9802896218825422
}